movie_id,cast_set_num,movie_title,director_name,genres,country,title_year,imdb_score,movie_imdb_link
M4410,CS4509,Kickboxer: Vengeance¬†,John Stockwell,Action,USA,2016,9.1,http://www.imdb.com/title/tt3082898/?ref_=fn_tt_tt_1
M067,CS166,The Dark Knight¬†,Christopher Nolan,Action|Crime|Drama|Thriller,USA,2008,9,http://www.imdb.com/title/tt0468569/?ref_=fn_tt_tt_1
M098,CS197,Inception¬†,Christopher Nolan,Action|Adventure|Sci-Fi|Thriller,USA,2010,8.8,http://www.imdb.com/title/tt1375666/?ref_=fn_tt_tt_1
M004,CS103,The Dark Knight Rises¬†,Christopher Nolan,Action|Thriller,USA,2012,8.5,http://www.imdb.com/title/tt1345836/?ref_=fn_tt_tt_1
M4018,CS4117,"Batman: The Dark Knight Returns, Part 2¬†",Jay Oliva,Action|Animation|Crime|Sci-Fi|Thriller,USA,2013,8.4,http://www.imdb.com/title/tt2166834/?ref_=fn_tt_tt_1
M028,CS127,Captain America: Civil War¬†,Anthony Russo,Action|Adventure|Sci-Fi,USA,2016,8.2,http://www.imdb.com/title/tt3498820/?ref_=fn_tt_tt_1
M096,CS195,Guardians of the Galaxy¬†,James Gunn,Action|Adventure|Sci-Fi,USA,2014,8.1,http://www.imdb.com/title/tt2015381/?ref_=fn_tt_tt_1
M4691,CS4790,Destiny¬†,Joseph Kosinski,Action|Adventure|Fantasy|Sci-Fi,USA,2014,8.1,http://www.imdb.com/title/tt2983582/?ref_=fn_tt_tt_1
M184,CS283,The Bourne Ultimatum¬†,Paul Greengrass,Action|Mystery|Thriller,USA,2007,8.1,http://www.imdb.com/title/tt0440963/?ref_=fn_tt_tt_1
M813,CS912,Deadpool¬†,Tim Miller,Action|Adventure|Comedy|Romance|Sci-Fi,USA,2016,8.1,http://www.imdb.com/title/tt1431045/?ref_=fn_tt_tt_1
M018,CS117,The Avengers¬†,Joss Whedon,Action|Adventure|Sci-Fi,USA,2012,8.1,http://www.imdb.com/title/tt0848228/?ref_=fn_tt_tt_1
M795,CS894,The Avengers¬†,Joss Whedon,Action|Adventure|Sci-Fi,USA,2012,8.1,http://www.imdb.com/title/tt0848228/?ref_=fn_tt_tt_1
M4717,CS4816,Light from the Darkroom¬†,Lance McDaniel,Action|Drama|Thriller,USA,2014,8,http://www.imdb.com/title/tt3130704/?ref_=fn_tt_tt_1
M048,CS147,X-Men: Days of Future Past¬†,Bryan Singer,Action|Adventure|Fantasy|Sci-Fi|Thriller,USA,2014,8,http://www.imdb.com/title/tt1877832/?ref_=fn_tt_tt_1
M161,CS260,Star Trek¬†,J.J. Abrams,Action|Adventure|Sci-Fi,USA,2009,8,http://www.imdb.com/title/tt0796366/?ref_=fn_tt_tt_1
M070,CS169,Iron Man¬†,Jon Favreau,Action|Adventure|Sci-Fi,USA,2008,7.9,http://www.imdb.com/title/tt0371746/?ref_=fn_tt_tt_1
M163,CS262,How to Train Your Dragon 2¬†,Dean DeBlois,Action|Adventure|Animation|Comedy|Family|Fantasy,USA,2014,7.9,http://www.imdb.com/title/tt1646971/?ref_=fn_tt_tt_1
M090,CS189,Big Hero 6¬†,Don Hall,Action|Adventure|Animation|Comedy|Drama|Family|Sci-Fi,USA,2014,7.9,http://www.imdb.com/title/tt2245084/?ref_=fn_tt_tt_1
M001,CS100,Avatar¬†,James Cameron,Action|Adventure|Fantasy|Sci-Fi,USA,2009,7.9,http://www.imdb.com/title/tt0499549/?ref_=fn_tt_tt_1
M076,CS175,Edge of Tomorrow¬†,Doug Liman,Action|Adventure|Sci-Fi,USA,2014,7.9,http://www.imdb.com/title/tt1631867/?ref_=fn_tt_tt_1
M103,CS202,X-Men: First Class¬†,Matthew Vaughn,Action|Adventure|Sci-Fi,USA,2011,7.8,http://www.imdb.com/title/tt1270798/?ref_=fn_tt_tt_1
M087,CS186,Captain America: The Winter Soldier¬†,Anthony Russo,Action|Adventure|Sci-Fi,USA,2014,7.8,http://www.imdb.com/title/tt1843866/?ref_=fn_tt_tt_1
M049,CS148,Star Trek Into Darkness¬†,J.J. Abrams,Action|Adventure|Sci-Fi,USA,2013,7.8,http://www.imdb.com/title/tt1408101/?ref_=fn_tt_tt_1
M166,CS265,Watchmen¬†,Zack Snyder,Action|Drama|Mystery|Sci-Fi,USA,2009,7.7,http://www.imdb.com/title/tt0409459/?ref_=fn_tt_tt_1
M084,CS183,Dawn of the Planet of the Apes¬†,Matt Reeves,Action|Adventure|Drama|Sci-Fi,USA,2014,7.6,http://www.imdb.com/title/tt2103281/?ref_=fn_tt_tt_1
M4488,CS4587,The Algerian¬†,Giovanni Zelko,Action|Romance|Thriller,USA,2014,7.6,http://www.imdb.com/title/tt1681370/?ref_=fn_tt_tt_1
M1645,CS1744,Sicario¬†,Denis Villeneuve,Action|Crime|Drama|Mystery|Thriller,USA,2015,7.6,http://www.imdb.com/title/tt3397884/?ref_=fn_tt_tt_1
M471,CS570,Fury¬†,David Ayer,Action|Drama|War,USA,2014,7.6,http://www.imdb.com/title/tt2713180/?ref_=fn_tt_tt_1
M1195,CS1294,Lone Survivor¬†,Peter Berg,Action|Biography|Drama|Thriller|War,USA,2013,7.6,http://www.imdb.com/title/tt1091191/?ref_=fn_tt_tt_1
M909,CS1008,Grindhouse¬†,Robert Rodriguez,Action|Horror|Thriller,USA,2007,7.6,http://www.imdb.com/title/tt0462322/?ref_=fn_tt_tt_1
M367,CS466,Sherlock Holmes¬†,Guy Ritchie,Action|Adventure|Crime|Mystery|Thriller,USA,2009,7.6,http://www.imdb.com/title/tt0988045/?ref_=fn_tt_tt_1
M185,CS284,Kung Fu Panda¬†,Mark Osborne,Action|Adventure|Animation|Comedy|Family,USA,2008,7.6,http://www.imdb.com/title/tt0441773/?ref_=fn_tt_tt_1
M346,CS445,Rise of the Planet of the Apes¬†,Rupert Wyatt,Action|Drama|Sci-Fi|Thriller,USA,2011,7.6,http://www.imdb.com/title/tt1318514/?ref_=fn_tt_tt_1
M213,CS312,Sherlock Holmes: A Game of Shadows¬†,Guy Ritchie,Action|Adventure|Crime|Mystery|Thriller,USA,2011,7.5,http://www.imdb.com/title/tt1515091/?ref_=fn_tt_tt_1
M425,CS524,Scott Pilgrim vs. the World¬†,Edgar Wright,Action|Comedy|Fantasy|Romance,USA,2010,7.5,http://www.imdb.com/title/tt0446029/?ref_=fn_tt_tt_1
M009,CS108,Avengers: Age of Ultron¬†,Joss Whedon,Action|Adventure|Sci-Fi,USA,2015,7.5,http://www.imdb.com/title/tt2395427/?ref_=fn_tt_tt_1
M058,CS157,Star Trek Beyond¬†,Justin Lin,Action|Adventure|Sci-Fi|Thriller,USA,2016,7.5,http://www.imdb.com/title/tt2660888/?ref_=fn_tt_tt_1
M156,CS255,Mission: Impossible - Ghost Protocol¬†,Brad Bird,Action|Adventure|Thriller,USA,2011,7.4,http://www.imdb.com/title/tt1229238/?ref_=fn_tt_tt_1
M195,CS294,The Adventures of Tintin¬†,Steven Spielberg,Action|Adventure|Family|Mystery,USA,2011,7.4,http://www.imdb.com/title/tt0983193/?ref_=fn_tt_tt_1
M186,CS285,Ant-Man¬†,Peyton Reed,Action|Adventure|Comedy|Sci-Fi,USA,2015,7.4,http://www.imdb.com/title/tt0478970/?ref_=fn_tt_tt_1
M971,CS1070,13 Hours¬†,Michael Bay,Action|Drama|Thriller|War,USA,2016,7.4,http://www.imdb.com/title/tt4172430/?ref_=fn_tt_tt_1
M3542,CS3641,Stargate: The Ark of Truth¬†,Robert C. Cooper,Action|Adventure|Drama|Fantasy|Sci-Fi,USA,2008,7.4,http://www.imdb.com/title/tt0942903/?ref_=fn_tt_tt_1
M1616,CS1715,Looper¬†,Rian Johnson,Action|Crime|Drama|Sci-Fi|Thriller,USA,2012,7.4,http://www.imdb.com/title/tt1276104/?ref_=fn_tt_tt_1
M212,CS311,Fast Five¬†,Justin Lin,Action|Crime|Thriller,USA,2011,7.3,http://www.imdb.com/title/tt1596343/?ref_=fn_tt_tt_1
M140,CS239,Kung Fu Panda 2¬†,Jennifer Yuh Nelson,Action|Adventure|Animation|Comedy|Family,USA,2011,7.3,http://www.imdb.com/title/tt1302011/?ref_=fn_tt_tt_1
M549,CS648,The Man from U.N.C.L.E.¬†,Guy Ritchie,Action|Adventure|Comedy,USA,2015,7.3,http://www.imdb.com/title/tt1638355/?ref_=fn_tt_tt_1
M815,CS914,American Sniper¬†,Clint Eastwood,Action|Biography|Drama|History|Thriller|War,USA,2014,7.3,http://www.imdb.com/title/tt2179136/?ref_=fn_tt_tt_1
M202,CS301,Megamind¬†,Tom McGrath,Action|Animation|Comedy|Family|Sci-Fi,USA,2010,7.3,http://www.imdb.com/title/tt1001526/?ref_=fn_tt_tt_1
M066,CS165,X-Men: Apocalypse¬†,Bryan Singer,Action|Adventure|Sci-Fi,USA,2016,7.3,http://www.imdb.com/title/tt3385516/?ref_=fn_tt_tt_1
M109,CS208,Warcraft¬†,Duncan Jones,Action|Adventure|Fantasy,USA,2016,7.3,http://www.imdb.com/title/tt0803096/?ref_=fn_tt_tt_1
M033,CS132,Iron Man 3¬†,Shane Black,Action|Adventure|Sci-Fi,USA,2013,7.2,http://www.imdb.com/title/tt1300854/?ref_=fn_tt_tt_1
M849,CS948,The Equalizer¬†,Antoine Fuqua,Action|Crime|Thriller,USA,2014,7.2,http://www.imdb.com/title/tt0455944/?ref_=fn_tt_tt_1
M016,CS115,Man of Steel¬†,Zack Snyder,Action|Adventure|Fantasy|Sci-Fi,USA,2013,7.2,http://www.imdb.com/title/tt0770828/?ref_=fn_tt_tt_1
M1155,CS1254,21 Jump Street¬†,Phil Lord,Action|Comedy|Crime,USA,2012,7.2,http://www.imdb.com/title/tt1232829/?ref_=fn_tt_tt_1
M046,CS145,Furious 7¬†,James Wan,Action|Crime|Thriller,USA,2015,7.2,http://www.imdb.com/title/tt2820852/?ref_=fn_tt_tt_1
M270,CS369,Live Free or Die Hard¬†,Len Wiseman,Action|Adventure|Thriller,USA,2007,7.2,http://www.imdb.com/title/tt0337978/?ref_=fn_tt_tt_1
M155,CS254,Kung Fu Panda 3¬†,Alessandro Carloni,Action|Adventure|Animation|Comedy|Family,USA,2016,7.2,http://www.imdb.com/title/tt2267968/?ref_=fn_tt_tt_1
M765,CS864,Shooter¬†,Antoine Fuqua,Action|Crime|Drama|Mystery|Thriller,USA,2007,7.2,http://www.imdb.com/title/tt0822854/?ref_=fn_tt_tt_1
M128,CS227,Thor: The Dark World¬†,Alan Taylor,Action|Adventure|Fantasy,USA,2013,7.1,http://www.imdb.com/title/tt1981115/?ref_=fn_tt_tt_1
M266,CS365,Real Steel¬†,Shawn Levy,Action|Drama|Sci-Fi|Sport,USA,2011,7.1,http://www.imdb.com/title/tt0433035/?ref_=fn_tt_tt_1
M571,CS670,The Kingdom¬†,Peter Berg,Action|Drama|Thriller,USA,2007,7.1,http://www.imdb.com/title/tt0431197/?ref_=fn_tt_tt_1
M2161,CS2260,Jackass 3D¬†,Jeff Tremaine,Action|Comedy|Documentary,USA,2010,7.1,http://www.imdb.com/title/tt1116184/?ref_=fn_tt_tt_1
M1668,CS1767,9¬†,Shane Acker,Action|Adventure|Animation|Drama|Mystery|Sci-Fi|Thriller,USA,2009,7.1,http://www.imdb.com/title/tt0472033/?ref_=fn_tt_tt_1
M734,CS833,RED¬†,Robert Schwentke,Action|Comedy|Crime|Thriller,USA,2010,7.1,http://www.imdb.com/title/tt1245526/?ref_=fn_tt_tt_1
M4936,CS5035,Heroes of Dirt¬†,Eric Bugbee,Action|Drama|Sport,USA,2015,7.1,http://www.imdb.com/title/tt1934172/?ref_=fn_tt_tt_1
M002,CS101,Pirates of the Caribbean: At World's End¬†,Gore Verbinski,Action|Adventure|Fantasy,USA,2007,7.1,http://www.imdb.com/title/tt0449088/?ref_=fn_tt_tt_1
M940,CS1039,22 Jump Street¬†,Phil Lord,Action|Comedy|Crime,USA,2014,7.1,http://www.imdb.com/title/tt2294449/?ref_=fn_tt_tt_1
M113,CS212,Transformers¬†,Michael Bay,Action|Adventure|Sci-Fi,USA,2007,7.1,http://www.imdb.com/title/tt0418279/?ref_=fn_tt_tt_1
M642,CS741,Body of Lies¬†,Ridley Scott,Action|Drama|Thriller,USA,2008,7.1,http://www.imdb.com/title/tt0758774/?ref_=fn_tt_tt_1
M047,CS146,World War Z¬†,Marc Forster,Action|Adventure|Horror|Sci-Fi|Thriller,USA,2013,7,http://www.imdb.com/title/tt0816711/?ref_=fn_tt_tt_1
M321,CS420,In the Heart of the Sea¬†,Ron Howard,Action|Adventure|Biography|Drama|History|Thriller,USA,2015,7,http://www.imdb.com/title/tt1390411/?ref_=fn_tt_tt_1
M2317,CS2416,A Most Violent Year¬†,J.C. Chandor,Action|Crime|Drama|Thriller,USA,2014,7,http://www.imdb.com/title/tt2937898/?ref_=fn_tt_tt_1
M313,CS412,Legend of the Guardians: The Owls of Ga'Hoole¬†,Zack Snyder,Action|Adventure|Animation|Family|Fantasy,USA,2010,7,http://www.imdb.com/title/tt1219342/?ref_=fn_tt_tt_1
M022,CS121,The Amazing Spider-Man¬†,Marc Webb,Action|Adventure|Fantasy,USA,2012,7,http://www.imdb.com/title/tt0948470/?ref_=fn_tt_tt_1
M030,CS129,Jurassic World¬†,Colin Trevorrow,Action|Adventure|Sci-Fi|Thriller,USA,2015,7,http://www.imdb.com/title/tt0369610/?ref_=fn_tt_tt_1
M4877,CS4976,Ink¬†,Jamin Winans,Action|Drama|Fantasy|Sci-Fi,USA,2009,7,http://www.imdb.com/title/tt1071804/?ref_=fn_tt_tt_1
M053,CS152,Pacific Rim¬†,Guillermo del Toro,Action|Adventure|Sci-Fi,USA,2013,7,http://www.imdb.com/title/tt1663662/?ref_=fn_tt_tt_1
M081,CS180,Iron Man 2¬†,Jon Favreau,Action|Adventure|Sci-Fi,USA,2010,7,http://www.imdb.com/title/tt1228705/?ref_=fn_tt_tt_1
M083,CS182,Maleficent¬†,Robert Stromberg,Action|Adventure|Family|Fantasy|Romance,USA,2014,7,http://www.imdb.com/title/tt1587310/?ref_=fn_tt_tt_1
M740,CS839,Jack Reacher¬†,Christopher McQuarrie,Action|Crime|Mystery|Thriller,USA,2012,7,http://www.imdb.com/title/tt0790724/?ref_=fn_tt_tt_1
M4447,CS4546,Jack Reacher¬†,Christopher McQuarrie,Action|Crime|Mystery|Thriller,USA,2012,7,http://www.imdb.com/title/tt0790724/?ref_=fn_tt_tt_1
M1839,CS1938,Pineapple Express¬†,David Gordon Green,Action|Comedy|Crime,USA,2008,7,http://www.imdb.com/title/tt0910936/?ref_=fn_tt_tt_1
M131,CS230,Thor¬†,Kenneth Branagh,Action|Adventure|Fantasy,USA,2011,7,http://www.imdb.com/title/tt0800369/?ref_=fn_tt_tt_1
M1883,CS1982,Cloverfield¬†,Matt Reeves,Action|Adventure|Horror|Sci-Fi,USA,2008,7,http://www.imdb.com/title/tt1060277/?ref_=fn_tt_tt_1
M434,CS533,Hellboy II: The Golden Army¬†,Guillermo del Toro,Action|Adventure|Fantasy|Horror|Sci-Fi,USA,2008,7,http://www.imdb.com/title/tt0411477/?ref_=fn_tt_tt_1
M236,CS335,Oblivion¬†,Joseph Kosinski,Action|Adventure|Mystery|Sci-Fi,USA,2013,7,http://www.imdb.com/title/tt1483013/?ref_=fn_tt_tt_1
M364,CS463,Tropic Thunder¬†,Ben Stiller,Action|Comedy,USA,2008,7,http://www.imdb.com/title/tt0942385/?ref_=fn_tt_tt_1
M359,CS458,Ice Age: Dawn of the Dinosaurs¬†,Carlos Saldanha,Action|Adventure|Animation|Comedy|Family,USA,2009,7,http://www.imdb.com/title/tt1080016/?ref_=fn_tt_tt_1
M011,CS110,Batman v Superman: Dawn of Justice¬†,Zack Snyder,Action|Adventure|Sci-Fi,USA,2016,6.9,http://www.imdb.com/title/tt2975590/?ref_=fn_tt_tt_1
M4677,CS4776,Aqua Teen Hunger Force Colon Movie Film for Theaters¬†,Matt Maiellaro,Action|Adventure|Animation|Comedy|Fantasy|Sci-Fi,USA,2007,6.9,http://www.imdb.com/title/tt0455326/?ref_=fn_tt_tt_1
M464,CS563,The Book of Eli¬†,Albert Hughes,Action|Adventure|Drama|Thriller,USA,2010,6.9,http://www.imdb.com/title/tt1037705/?ref_=fn_tt_tt_1
M1042,CS1141,Chappie¬†,Neill Blomkamp,Action|Crime|Drama|Sci-Fi|Thriller,USA,2015,6.9,http://www.imdb.com/title/tt1823672/?ref_=fn_tt_tt_1
M074,CS173,Suicide Squad¬†,David Ayer,Action|Adventure|Comedy|Sci-Fi,USA,2016,6.9,http://www.imdb.com/title/tt1386697/?ref_=fn_tt_tt_1
M172,CS271,Captain America: The First Avenger¬†,Joe Johnston,Action|Adventure|Sci-Fi,USA,2011,6.9,http://www.imdb.com/title/tt0458339/?ref_=fn_tt_tt_1
M3347,CS3446,All Is Lost¬†,J.C. Chandor,Action|Adventure|Drama,USA,2013,6.9,http://www.imdb.com/title/tt2017038/?ref_=fn_tt_tt_1
M381,CS480,Now You See Me 2¬†,Jon M. Chu,Action|Adventure|Comedy|Crime|Mystery|Thriller,USA,2016,6.9,http://www.imdb.com/title/tt3110958/?ref_=fn_tt_tt_1
M406,CS505,Safe House¬†,Daniel Espinosa,Action|Crime|Mystery|Thriller,USA,2012,6.8,http://www.imdb.com/title/tt1599348/?ref_=fn_tt_tt_1
M2294,CS2393,Death Sentence¬†,James Wan,Action|Crime|Thriller,USA,2007,6.8,http://www.imdb.com/title/tt0804461/?ref_=fn_tt_tt_1
M020,CS119,Men in Black 3¬†,Barry Sonnenfeld,Action|Adventure|Comedy|Family|Fantasy|Sci-Fi,USA,2012,6.8,http://www.imdb.com/title/tt1409024/?ref_=fn_tt_tt_1
M355,CS454,Unstoppable¬†,Tony Scott,Action|Thriller,USA,2010,6.8,http://www.imdb.com/title/tt0477080/?ref_=fn_tt_tt_1
M177,CS276,The Incredible Hulk¬†,Louis Leterrier,Action|Adventure|Sci-Fi,USA,2008,6.8,http://www.imdb.com/title/tt0800080/?ref_=fn_tt_tt_1
M3751,CS3850,No Escape¬†,John Erick Dowdle,Action|Thriller,USA,2015,6.8,http://www.imdb.com/title/tt1781922/?ref_=fn_tt_tt_1
M641,CS740,The Finest Hours¬†,Craig Gillespie,Action|Drama|History|Thriller,USA,2016,6.8,http://www.imdb.com/title/tt2025690/?ref_=fn_tt_tt_1
M1901,CS2000,The Grey¬†,Joe Carnahan,Action|Adventure|Drama|Thriller,USA,2011,6.8,http://www.imdb.com/title/tt1601913/?ref_=fn_tt_tt_1
M1727,CS1826,Machine Gun Preacher¬†,Marc Forster,Action|Biography|Crime|Drama,USA,2011,6.8,http://www.imdb.com/title/tt1586752/?ref_=fn_tt_tt_1
M2500,CS2599,TRON: Legacy¬†,Joseph Kosinski,Action|Adventure|Sci-Fi,USA,2010,6.8,http://www.imdb.com/title/tt1104001/?ref_=fn_tt_tt_1
M2226,CS2325,Street Kings¬†,David Ayer,Action|Crime|Drama|Thriller,USA,2008,6.8,http://www.imdb.com/title/tt0421073/?ref_=fn_tt_tt_1
M1659,CS1758,Hanna¬†,Joe Wright,Action|Drama|Thriller,USA,2011,6.8,http://www.imdb.com/title/tt0993842/?ref_=fn_tt_tt_1
M041,CS140,TRON: Legacy¬†,Joseph Kosinski,Action|Adventure|Sci-Fi,USA,2010,6.8,http://www.imdb.com/title/tt1104001/?ref_=fn_tt_tt_1
M4777,CS4876,Born to Fly: Elizabeth Streb vs. Gravity¬†,Catherine Gund,Action|Biography|Documentary|Sport,USA,2014,6.8,http://www.imdb.com/title/tt2246526/?ref_=fn_tt_tt_1
M1512,CS1611,The Maze Runner¬†,Wes Ball,Action|Mystery|Sci-Fi|Thriller,USA,2014,6.8,http://www.imdb.com/title/tt1790864/?ref_=fn_tt_tt_1
M1442,CS1541,In Time¬†,Andrew Niccol,Action|Sci-Fi|Thriller,USA,2011,6.7,http://www.imdb.com/title/tt1637688/?ref_=fn_tt_tt_1
M019,CS118,Pirates of the Caribbean: On Stranger Tides¬†,Rob Marshall,Action|Adventure|Fantasy,USA,2011,6.7,http://www.imdb.com/title/tt1298650/?ref_=fn_tt_tt_1
M023,CS122,Robin Hood¬†,Ridley Scott,Action|Adventure|Drama|History,USA,2010,6.7,http://www.imdb.com/title/tt0955308/?ref_=fn_tt_tt_1
M040,CS139,The Amazing Spider-Man 2¬†,Marc Webb,Action|Adventure|Fantasy|Sci-Fi,USA,2014,6.7,http://www.imdb.com/title/tt1872181/?ref_=fn_tt_tt_1
M122,CS221,Madagascar: Escape 2 Africa¬†,Eric Darnell,Action|Adventure|Animation|Comedy|Family,USA,2008,6.7,http://www.imdb.com/title/tt0479952/?ref_=fn_tt_tt_1
M124,CS223,X-Men Origins: Wolverine¬†,Gavin Hood,Action|Adventure|Fantasy|Sci-Fi|Thriller,USA,2009,6.7,http://www.imdb.com/title/tt0458525/?ref_=fn_tt_tt_1
M192,CS291,Puss in Boots¬†,Chris Miller,Action|Adventure|Animation|Comedy|Family|Fantasy,USA,2011,6.7,http://www.imdb.com/title/tt0448694/?ref_=fn_tt_tt_1
M217,CS316,The Bourne Legacy¬†,Tony Gilroy,Action|Adventure|Thriller,USA,2012,6.7,http://www.imdb.com/title/tt1194173/?ref_=fn_tt_tt_1
M2912,CS3011,Machete¬†,Ethan Maniquis,Action|Crime|Thriller,USA,2010,6.7,http://www.imdb.com/title/tt0985694/?ref_=fn_tt_tt_1
M240,CS339,The Wolverine¬†,James Mangold,Action|Adventure|Sci-Fi|Thriller,USA,2013,6.7,http://www.imdb.com/title/tt1430132/?ref_=fn_tt_tt_1
M269,CS368,Ender's Game¬†,Gavin Hood,Action|Sci-Fi,USA,2013,6.7,http://www.imdb.com/title/tt1731141/?ref_=fn_tt_tt_1
M295,CS394,The Other Guys¬†,Adam McKay,Action|Comedy|Crime,USA,2010,6.7,http://www.imdb.com/title/tt1386588/?ref_=fn_tt_tt_1
M300,CS399,The Expendables 2¬†,Simon West,Action|Adventure|Thriller,USA,2012,6.7,http://www.imdb.com/title/tt1764651/?ref_=fn_tt_tt_1
M447,CS546,RED 2¬†,Dean Parisot,Action|Comedy|Crime|Thriller,USA,2013,6.7,http://www.imdb.com/title/tt1821694/?ref_=fn_tt_tt_1
M528,CS627,Wanted¬†,Timur Bekmambetov,Action|Crime|Fantasy|Thriller,USA,2008,6.7,http://www.imdb.com/title/tt0493464/?ref_=fn_tt_tt_1
M629,CS728,Escape Plan¬†,Mikael H√•fstr√∂m,Action|Crime|Mystery|Sci-Fi|Thriller,USA,2013,6.7,http://www.imdb.com/title/tt1211956/?ref_=fn_tt_tt_1
M723,CS822,2 Guns¬†,Baltasar Korm√°kur,Action|Comedy|Crime|Drama|Thriller,USA,2013,6.7,http://www.imdb.com/title/tt1272878/?ref_=fn_tt_tt_1
M771,CS870,Gangster Squad¬†,Ruben Fleischer,Action|Crime|Drama|Thriller,USA,2013,6.7,http://www.imdb.com/title/tt1321870/?ref_=fn_tt_tt_1
M1011,CS1110,Free State of Jones¬†,Gary Ross,Action|Biography|Drama|History|War,USA,2016,6.7,http://www.imdb.com/title/tt1124037/?ref_=fn_tt_tt_1
M2142,CS2241,Never Back Down¬†,Jeff Wadlow,Action|Drama|Sport,USA,2008,6.6,http://www.imdb.com/title/tt1023111/?ref_=fn_tt_tt_1
M1183,CS1282,Man on a Ledge¬†,Asger Leth,Action|Crime|Thriller,USA,2012,6.6,http://www.imdb.com/title/tt1568338/?ref_=fn_tt_tt_1
M1014,CS1113,Run All Night¬†,Jaume Collet-Serra,Action|Crime|Drama|Thriller,USA,2015,6.6,http://www.imdb.com/title/tt2199571/?ref_=fn_tt_tt_1
M006,CS105,John Carter¬†,Andrew Stanton,Action|Adventure|Sci-Fi,USA,2012,6.6,http://www.imdb.com/title/tt0401729/?ref_=fn_tt_tt_1
M045,CS144,Terminator Salvation¬†,McG,Action|Adventure|Sci-Fi,USA,2009,6.6,http://www.imdb.com/title/tt0438488/?ref_=fn_tt_tt_1
M1793,CS1892,Kick-Ass 2¬†,Jeff Wadlow,Action|Comedy|Crime,USA,2013,6.6,http://www.imdb.com/title/tt1650554/?ref_=fn_tt_tt_1
M1433,CS1532,Underworld: Rise of the Lycans¬†,Patrick Tatopoulos,Action|Adventure|Fantasy|Sci-Fi|Thriller,USA,2009,6.6,http://www.imdb.com/title/tt0834001/?ref_=fn_tt_tt_1
M865,CS964,The Forbidden Kingdom¬†,Rob Minkoff,Action|Adventure|Fantasy,USA,2008,6.6,http://www.imdb.com/title/tt0865556/?ref_=fn_tt_tt_1
M052,CS151,Prince of Persia: The Sands of Time¬†,Mike Newell,Action|Adventure|Fantasy|Romance,USA,2010,6.6,http://www.imdb.com/title/tt0473075/?ref_=fn_tt_tt_1
M1154,CS1253,The Mechanic¬†,Simon West,Action|Crime|Thriller,USA,2011,6.6,http://www.imdb.com/title/tt0472399/?ref_=fn_tt_tt_1
M943,CS1042,Central Intelligence¬†,Rawson Marshall Thurber,Action|Comedy|Crime,USA,2016,6.6,http://www.imdb.com/title/tt1489889/?ref_=fn_tt_tt_1
M462,CS561,Eagle Eye¬†,D.J. Caruso,Action|Mystery|Thriller,USA,2008,6.6,http://www.imdb.com/title/tt1059786/?ref_=fn_tt_tt_1
M1160,CS1259,The Heat¬†,Paul Feig,Action|Comedy|Crime,USA,2013,6.6,http://www.imdb.com/title/tt2404463/?ref_=fn_tt_tt_1
M064,CS163,The Legend of Tarzan¬†,David Yates,Action|Adventure|Drama|Romance,USA,2016,6.6,http://www.imdb.com/title/tt0918940/?ref_=fn_tt_tt_1
M110,CS209,Terminator Genisys¬†,Alan Taylor,Action|Adventure|Sci-Fi,USA,2015,6.6,http://www.imdb.com/title/tt1340138/?ref_=fn_tt_tt_1
M017,CS116,The Chronicles of Narnia: Prince Caspian¬†,Andrew Adamson,Action|Adventure|Family|Fantasy,USA,2008,6.6,http://www.imdb.com/title/tt0499448/?ref_=fn_tt_tt_1
M138,CS237,The Legend of Tarzan¬†,David Yates,Action|Adventure|Drama|Romance,USA,2016,6.6,http://www.imdb.com/title/tt0918940/?ref_=fn_tt_tt_1
M230,CS329,Elysium¬†,Neill Blomkamp,Action|Drama|Sci-Fi|Thriller,USA,2013,6.6,http://www.imdb.com/title/tt1535108/?ref_=fn_tt_tt_1
M600,CS699,Olympus Has Fallen¬†,Antoine Fuqua,Action|Thriller,USA,2013,6.5,http://www.imdb.com/title/tt2302755/?ref_=fn_tt_tt_1
M069,CS168,Monsters vs. Aliens¬†,Rob Letterman,Action|Adventure|Animation|Comedy|Family|Sci-Fi,USA,2009,6.5,http://www.imdb.com/title/tt0892782/?ref_=fn_tt_tt_1
M1865,CS1964,Self/less¬†,Tarsem Singh,Action|Mystery|Sci-Fi|Thriller,USA,2015,6.5,http://www.imdb.com/title/tt2140379/?ref_=fn_tt_tt_1
M1476,CS1575,Premium Rush¬†,David Koepp,Action|Crime|Thriller,USA,2012,6.5,http://www.imdb.com/title/tt1547234/?ref_=fn_tt_tt_1
M4650,CS4749,Snitch¬†,Ric Roman Waugh,Action|Drama|Thriller,USA,2013,6.5,http://www.imdb.com/title/tt0882977/?ref_=fn_tt_tt_1
M650,CS749,Need for Speed¬†,Scott Waugh,Action|Crime|Drama|Thriller,USA,2014,6.5,http://www.imdb.com/title/tt2369135/?ref_=fn_tt_tt_1
M089,CS188,Tomorrowland¬†,Brad Bird,Action|Adventure|Family|Mystery|Sci-Fi,USA,2015,6.5,http://www.imdb.com/title/tt1964418/?ref_=fn_tt_tt_1
M692,CS791,Sin City: A Dame to Kill For¬†,Frank Miller,Action|Crime|Thriller,USA,2014,6.5,http://www.imdb.com/title/tt0458481/?ref_=fn_tt_tt_1
M2110,CS2209,Homefront¬†,Gary Fleder,Action|Crime|Drama|Thriller,USA,2013,6.5,http://www.imdb.com/title/tt2312718/?ref_=fn_tt_tt_1
M2928,CS3027,Act of Valor¬†,Mike McCoy,Action|Adventure|Drama|Thriller|War,USA,2012,6.5,http://www.imdb.com/title/tt1591479/?ref_=fn_tt_tt_1
M3289,CS3388,The Purge: Anarchy¬†,James DeMonaco,Action|Horror|Sci-Fi|Thriller,USA,2014,6.5,http://www.imdb.com/title/tt2975578/?ref_=fn_tt_tt_1
M438,CS537,The Expendables¬†,Sylvester Stallone,Action|Adventure|Thriller,USA,2010,6.5,http://www.imdb.com/title/tt1320253/?ref_=fn_tt_tt_1
M1535,CS1634,Safe¬†,Boaz Yakin,Action|Crime|Thriller,USA,2012,6.5,http://www.imdb.com/title/tt1656190/?ref_=fn_tt_tt_1
M451,CS550,Get Smart¬†,Peter Segal,Action|Adventure|Comedy,USA,2008,6.5,http://www.imdb.com/title/tt0425061/?ref_=fn_tt_tt_1
M2633,CS2732,Snitch¬†,Ric Roman Waugh,Action|Drama|Thriller,USA,2013,6.5,http://www.imdb.com/title/tt0882977/?ref_=fn_tt_tt_1
M1162,CS1261,Here Comes the Boom¬†,Frank Coraci,Action|Comedy|Sport,USA,2012,6.5,http://www.imdb.com/title/tt1648179/?ref_=fn_tt_tt_1
M2047,CS2146,Faster¬†,George Tillman Jr.,Action|Crime|Drama|Thriller,USA,2010,6.5,http://www.imdb.com/title/tt1433108/?ref_=fn_tt_tt_1
M015,CS114,The Lone Ranger¬†,Gore Verbinski,Action|Adventure|Western,USA,2013,6.5,http://www.imdb.com/title/tt1210819/?ref_=fn_tt_tt_1
M1910,CS2009,Contraband¬†,Baltasar Korm√°kur,Action|Crime|Drama|Thriller,USA,2012,6.5,http://www.imdb.com/title/tt1524137/?ref_=fn_tt_tt_1
M1716,CS1815,Dead Man Down¬†,Niels Arden Oplev,Action|Crime|Drama|Thriller,USA,2013,6.5,http://www.imdb.com/title/tt2101341/?ref_=fn_tt_tt_1
M1006,CS1105,The International¬†,Tom Tykwer,Action|Crime|Drama|Mystery|Thriller,USA,2009,6.5,http://www.imdb.com/title/tt0963178/?ref_=fn_tt_tt_1
M993,CS1092,Ninja Assassin¬†,James McTeigue,Action|Crime|Thriller,USA,2009,6.4,http://www.imdb.com/title/tt1186367/?ref_=fn_tt_tt_1
M193,CS292,Salt¬†,Phillip Noyce,Action|Crime|Mystery|Thriller,USA,2010,6.4,http://www.imdb.com/title/tt0944835/?ref_=fn_tt_tt_1
M1361,CS1460,Riddick¬†,David Twohy,Action|Sci-Fi|Thriller,USA,2013,6.4,http://www.imdb.com/title/tt1411250/?ref_=fn_tt_tt_1
M1950,CS2049,The Losers¬†,Sylvain White,Action|Crime|Drama|Mystery|Thriller,USA,2010,6.4,http://www.imdb.com/title/tt0480255/?ref_=fn_tt_tt_1
M564,CS663,Minions¬†,Kyle Balda,Action|Animation|Comedy|Family|Sci-Fi,USA,2015,6.4,http://www.imdb.com/title/tt2293640/?ref_=fn_tt_tt_1
M143,CS242,White House Down¬†,Roland Emmerich,Action|Drama|Thriller,USA,2013,6.4,http://www.imdb.com/title/tt2334879/?ref_=fn_tt_tt_1
M617,CS716,Underworld: Awakening¬†,M√•ns M√•rlind,Action|Fantasy|Horror,USA,2012,6.4,http://www.imdb.com/title/tt1496025/?ref_=fn_tt_tt_1
M117,CS216,Hancock¬†,Peter Berg,Action|Drama,USA,2008,6.4,http://www.imdb.com/title/tt0448157/?ref_=fn_tt_tt_1
M680,CS779,Death Race¬†,Paul W.S. Anderson,Action|Sci-Fi|Thriller,USA,2008,6.4,http://www.imdb.com/title/tt0452608/?ref_=fn_tt_tt_1
M731,CS830,The Scorch Trials¬†,Wes Ball,Action|Sci-Fi|Thriller,USA,2015,6.4,http://www.imdb.com/title/tt4046784/?ref_=fn_tt_tt_1
M1704,CS1803,The Last Stand¬†,Jee-woon Kim,Action|Crime|Thriller,USA,2013,6.4,http://www.imdb.com/title/tt1549920/?ref_=fn_tt_tt_1
M1239,CS1338,Predators¬†,Nimr√≥d Antal,Action|Adventure|Sci-Fi|Thriller,USA,2010,6.4,http://www.imdb.com/title/tt1424381/?ref_=fn_tt_tt_1
M2675,CS2774,Keanu¬†,Peter Atencio,Action|Comedy,USA,2016,6.4,http://www.imdb.com/title/tt4139124/?ref_=fn_tt_tt_1
M293,CS392,The Taking of Pelham 1 2 3¬†,Tony Scott,Action|Crime|Thriller,USA,2009,6.4,http://www.imdb.com/title/tt1111422/?ref_=fn_tt_tt_1
M1136,CS1235,Johnny English Reborn¬†,Oliver Parker,Action|Adventure|Comedy|Crime,USA,2011,6.3,http://www.imdb.com/title/tt1634122/?ref_=fn_tt_tt_1
M054,CS153,Transformers: Dark of the Moon¬†,Michael Bay,Action|Adventure|Sci-Fi,USA,2011,6.3,http://www.imdb.com/title/tt1399103/?ref_=fn_tt_tt_1
M568,CS667,The Angry Birds Movie¬†,Clay Kaytis,Action|Animation|Comedy|Family,USA,2016,6.3,http://www.imdb.com/title/tt1985949/?ref_=fn_tt_tt_1
M154,CS253,Beowulf¬†,Robert Zemeckis,Action|Adventure|Animation|Fantasy,USA,2007,6.3,http://www.imdb.com/title/tt0442933/?ref_=fn_tt_tt_1
M1564,CS1663,Repo Men¬†,Miguel Sapochnik,Action|Crime|Sci-Fi|Thriller,USA,2010,6.3,http://www.imdb.com/title/tt1053424/?ref_=fn_tt_tt_1
M249,CS348,Teenage Mutant Ninja Turtles: Out of the Shadows¬†,Dave Green,Action|Adventure|Comedy|Sci-Fi,USA,2016,6.3,http://www.imdb.com/title/tt3949660/?ref_=fn_tt_tt_1
M609,CS708,Dracula Untold¬†,Gary Shore,Action|Drama|Fantasy|Horror|War,USA,2014,6.3,http://www.imdb.com/title/tt0829150/?ref_=fn_tt_tt_1
M235,CS334,Knight and Day¬†,James Mangold,Action|Comedy|Romance,USA,2010,6.3,http://www.imdb.com/title/tt1013743/?ref_=fn_tt_tt_1
M2214,CS2313,Risen¬†,Kevin Reynolds,Action|Adventure|Drama|Mystery,USA,2016,6.3,http://www.imdb.com/title/tt3231054/?ref_=fn_tt_tt_1
M2679,CS2778,The November Man¬†,Roger Donaldson,Action|Crime|Thriller,USA,2014,6.3,http://www.imdb.com/title/tt2402157/?ref_=fn_tt_tt_1
M1952,CS2051,War¬†,Philip G. Atwell,Action|Crime|Thriller,USA,2007,6.3,http://www.imdb.com/title/tt0499556/?ref_=fn_tt_tt_1
M492,CS591,Surrogates¬†,Jonathan Mostow,Action|Sci-Fi|Thriller,USA,2009,6.3,http://www.imdb.com/title/tt0986263/?ref_=fn_tt_tt_1
M2287,CS2386,Triple 9¬†,John Hillcoat,Action|Crime|Drama|Thriller,USA,2016,6.3,http://www.imdb.com/title/tt1712261/?ref_=fn_tt_tt_1
M675,CS774,This Means War¬†,McG,Action|Comedy|Romance,USA,2012,6.3,http://www.imdb.com/title/tt1596350/?ref_=fn_tt_tt_1
M086,CS185,47 Ronin¬†,Carl Rinsch,Action|Adventure|Drama|Fantasy,USA,2013,6.3,http://www.imdb.com/title/tt1335975/?ref_=fn_tt_tt_1
M3387,CS3486,The Boondock Saints II: All Saints Day¬†,Troy Duffy,Action|Crime|Thriller,USA,2009,6.3,http://www.imdb.com/title/tt1300851/?ref_=fn_tt_tt_1
M761,CS860,Jack Ryan: Shadow Recruit¬†,Kenneth Branagh,Action|Drama|Thriller,USA,2014,6.2,http://www.imdb.com/title/tt1205537/?ref_=fn_tt_tt_1
M1780,CS1879,3 Days to Kill¬†,McG,Action|Drama|Thriller,USA,2014,6.2,http://www.imdb.com/title/tt2172934/?ref_=fn_tt_tt_1
M1887,CS1986,Ride Along¬†,Tim Story,Action|Comedy|Crime|Romance,USA,2014,6.2,http://www.imdb.com/title/tt1408253/?ref_=fn_tt_tt_1
M3930,CS4029,Red State¬†,Kevin Smith,Action|Crime|Horror|Thriller,USA,2011,6.2,http://www.imdb.com/title/tt0873886/?ref_=fn_tt_tt_1
M060,CS159,Rush Hour 3¬†,Brett Ratner,Action|Comedy|Crime|Thriller,USA,2007,6.2,http://www.imdb.com/title/tt0293564/?ref_=fn_tt_tt_1
M055,CS154,Indiana Jones and the Kingdom of the Crystal Skull¬†,Steven Spielberg,Action|Adventure|Fantasy,USA,2008,6.2,http://www.imdb.com/title/tt0367882/?ref_=fn_tt_tt_1
M262,CS361,300: Rise of an Empire¬†,Noam Murro,Action|Drama|Fantasy|War,USA,2014,6.2,http://www.imdb.com/title/tt1253863/?ref_=fn_tt_tt_1
M3462,CS3561,Spider-Man 3¬†,Sam Raimi,Action|Adventure|Romance,USA,2007,6.2,http://www.imdb.com/title/tt0413300/?ref_=fn_tt_tt_1
M2837,CS2936,RoboCop¬†,Jos√© Padilha,Action|Crime|Sci-Fi|Thriller,USA,2014,6.2,http://www.imdb.com/title/tt1234721/?ref_=fn_tt_tt_1
M408,CS507,Tower Heist¬†,Brett Ratner,Action|Comedy|Crime,USA,2011,6.2,http://www.imdb.com/title/tt0471042/?ref_=fn_tt_tt_1
M232,CS331,RoboCop¬†,Jos√© Padilha,Action|Crime|Sci-Fi|Thriller,USA,2014,6.2,http://www.imdb.com/title/tt1234721/?ref_=fn_tt_tt_1
M2275,CS2374,Crank: High Voltage¬†,Mark Neveldine,Action|Crime|Sci-Fi|Thriller,USA,2009,6.2,http://www.imdb.com/title/tt1121931/?ref_=fn_tt_tt_1
M1550,CS1649,Takers¬†,John Luessenhop,Action|Crime|Thriller,USA,2010,6.2,http://www.imdb.com/title/tt1135084/?ref_=fn_tt_tt_1
M007,CS106,Spider-Man 3¬†,Sam Raimi,Action|Adventure|Romance,USA,2007,6.2,http://www.imdb.com/title/tt0413300/?ref_=fn_tt_tt_1
M1479,CS1578,Parker¬†,Taylor Hackford,Action|Crime|Romance|Thriller,USA,2013,6.2,http://www.imdb.com/title/tt1904996/?ref_=fn_tt_tt_1
M4143,CS4242,Chicago Overcoat¬†,Brian Caunter,Action|Adventure|Crime|Drama,USA,2009,6.2,http://www.imdb.com/title/tt1085382/?ref_=fn_tt_tt_1
M082,CS181,Snow White and the Huntsman¬†,Rupert Sanders,Action|Adventure|Drama|Fantasy,USA,2012,6.1,http://www.imdb.com/title/tt1735898/?ref_=fn_tt_tt_1
M105,CS204,The Sorcerer's Apprentice¬†,Jon Turteltaub,Action|Adventure|Family|Fantasy,USA,2010,6.1,http://www.imdb.com/title/tt0963966/?ref_=fn_tt_tt_1
M233,CS332,Speed Racer¬†,Lana Wachowski,Action|Family|Sport,USA,2008,6.1,http://www.imdb.com/title/tt0811080/?ref_=fn_tt_tt_1
M245,CS344,The Huntsman: Winter's War¬†,Cedric Nicolas-Troyan,Action|Adventure|Drama|Fantasy,USA,2016,6.1,http://www.imdb.com/title/tt2381991/?ref_=fn_tt_tt_1
M252,CS351,San Andreas¬†,Brad Peyton,Action|Adventure|Drama|Thriller,USA,2015,6.1,http://www.imdb.com/title/tt2126355/?ref_=fn_tt_tt_1
M318,CS417,The Expendables 3¬†,Patrick Hughes,Action|Adventure|Thriller,USA,2014,6.1,http://www.imdb.com/title/tt2333784/?ref_=fn_tt_tt_1
M433,CS532,Jumper¬†,Doug Liman,Action|Adventure|Sci-Fi|Thriller,USA,2008,6.1,http://www.imdb.com/title/tt0489099/?ref_=fn_tt_tt_1
M555,CS654,Immortals¬†,Tarsem Singh,Action|Drama|Fantasy|Romance,USA,2011,6.1,http://www.imdb.com/title/tt1253864/?ref_=fn_tt_tt_1
M565,CS664,Sucker Punch¬†,Zack Snyder,Action|Fantasy,USA,2011,6.1,http://www.imdb.com/title/tt0978764/?ref_=fn_tt_tt_1
M969,CS1068,I Am Number Four¬†,D.J. Caruso,Action|Adventure|Sci-Fi|Thriller,USA,2011,6.1,http://www.imdb.com/title/tt1464540/?ref_=fn_tt_tt_1
M1464,CS1563,Heist¬†,Scott Mann,Action|Crime|Thriller,USA,2015,6.1,http://www.imdb.com/title/tt3276924/?ref_=fn_tt_tt_1
M2121,CS2220,Hit and Run¬†,David Palmer,Action|Comedy|Romance,USA,2012,6.1,http://www.imdb.com/title/tt2097307/?ref_=fn_tt_tt_1
M3177,CS3276,The Collection¬†,Marcus Dunstan,Action|Horror|Thriller,USA,2012,6.1,http://www.imdb.com/title/tt1748227/?ref_=fn_tt_tt_1
M3318,CS3417,Heist¬†,Scott Mann,Action|Crime|Thriller,USA,2015,6.1,http://www.imdb.com/title/tt3276924/?ref_=fn_tt_tt_1
M1129,CS1228,Miracle at St. Anna¬†,Spike Lee,Action|Crime|Drama|Thriller|War,USA,2008,6,http://www.imdb.com/title/tt1046997/?ref_=fn_tt_tt_1
M037,CS136,Transformers: Revenge of the Fallen¬†,Michael Bay,Action|Adventure|Sci-Fi,USA,2009,6,http://www.imdb.com/title/tt1055369/?ref_=fn_tt_tt_1
M785,CS884,Righteous Kill¬†,Jon Avnet,Action|Crime|Drama|Mystery|Thriller,USA,2008,6,http://www.imdb.com/title/tt1034331/?ref_=fn_tt_tt_1
M3540,CS3639,Alpha and Omega 4: The Legend of the Saw Toothed Cave¬†,Richard Rich,Action|Adventure|Animation|Comedy|Drama|Family|Fantasy|Thriller,USA,2014,6,http://www.imdb.com/title/tt4061848/?ref_=fn_tt_tt_1
M3171,CS3270,The Tourist¬†,Florian Henckel von Donnersmarck,Action|Romance|Thriller,USA,2010,6,http://www.imdb.com/title/tt1243957/?ref_=fn_tt_tt_1
M502,CS601,The Last Witch Hunter¬†,Breck Eisner,Action|Adventure|Fantasy,USA,2015,6,http://www.imdb.com/title/tt1618442/?ref_=fn_tt_tt_1
M315,CS414,Hercules¬†,Brett Ratner,Action|Adventure,USA,2014,6,http://www.imdb.com/title/tt1267297/?ref_=fn_tt_tt_1
M306,CS405,The Tourist¬†,Florian Henckel von Donnersmarck,Action|Romance|Thriller,USA,2010,6,http://www.imdb.com/title/tt1243957/?ref_=fn_tt_tt_1
M591,CS690,Hercules¬†,Brett Ratner,Action|Adventure,USA,2014,6,http://www.imdb.com/title/tt1267297/?ref_=fn_tt_tt_1
M1495,CS1594,Punisher: War Zone¬†,Lexi Alexander,Action|Crime|Drama|Thriller,USA,2008,6,http://www.imdb.com/title/tt0450314/?ref_=fn_tt_tt_1
M1211,CS1310,Ride Along 2¬†,Tim Story,Action|Comedy,USA,2016,5.9,http://www.imdb.com/title/tt2869728/?ref_=fn_tt_tt_1
M644,CS743,Abraham Lincoln: Vampire Hunter¬†,Timur Bekmambetov,Action|Fantasy|Horror,USA,2012,5.9,http://www.imdb.com/title/tt1611224/?ref_=fn_tt_tt_1
M1003,CS1102,The Host¬†,Andrew Niccol,Action|Adventure|Romance|Sci-Fi|Thriller,USA,2013,5.9,http://www.imdb.com/title/tt1517260/?ref_=fn_tt_tt_1
M714,CS813,Wild Hogs¬†,Walt Becker,Action|Adventure|Comedy,USA,2007,5.9,http://www.imdb.com/title/tt0486946/?ref_=fn_tt_tt_1
M246,CS345,Teenage Mutant Ninja Turtles¬†,Jonathan Liebesman,Action|Adventure|Comedy|Sci-Fi,USA,2014,5.9,http://www.imdb.com/title/tt1291150/?ref_=fn_tt_tt_1
M2821,CS2920,Teenage Mutant Ninja Turtles¬†,Jonathan Liebesman,Action|Adventure|Comedy|Sci-Fi,USA,2014,5.9,http://www.imdb.com/title/tt1291150/?ref_=fn_tt_tt_1
M3425,CS3524,The Death and Life of Bobby Z¬†,John Herzfeld,Action|Crime|Thriller,USA,2007,5.9,http://www.imdb.com/title/tt0473188/?ref_=fn_tt_tt_1
M4076,CS4175,Next Day Air¬†,Benny Boom,Action|Comedy|Crime,USA,2009,5.9,http://www.imdb.com/title/tt1097013/?ref_=fn_tt_tt_1
M826,CS925,Red Tails¬†,Anthony Hemingway,Action|Adventure|Drama|History|War,USA,2012,5.9,http://www.imdb.com/title/tt0485985/?ref_=fn_tt_tt_1
M029,CS128,Battleship¬†,Peter Berg,Action|Adventure|Sci-Fi|Thriller,USA,2012,5.9,http://www.imdb.com/title/tt1440129/?ref_=fn_tt_tt_1
M1305,CS1404,Cirque du Freak: The Vampire's Assistant¬†,Paul Weitz,Action|Adventure|Fantasy|Thriller,USA,2009,5.9,http://www.imdb.com/title/tt0450405/?ref_=fn_tt_tt_1
M265,CS364,Allegiant¬†,Robert Schwentke,Action|Adventure|Mystery|Sci-Fi|Thriller,USA,2016,5.8,http://www.imdb.com/title/tt3410834/?ref_=fn_tt_tt_1
M061,CS160,2012¬†,Roland Emmerich,Action|Adventure|Sci-Fi,USA,2009,5.8,http://www.imdb.com/title/tt1190080/?ref_=fn_tt_tt_1
M078,CS177,G.I. Joe: The Rise of Cobra¬†,Stephen Sommers,Action|Adventure|Sci-Fi|Thriller,USA,2009,5.8,http://www.imdb.com/title/tt1046173/?ref_=fn_tt_tt_1
M1078,CS1177,Journey to the Center of the Earth¬†,Eric Brevig,Action|Adventure|Family|Fantasy|Sci-Fi,USA,2008,5.8,http://www.imdb.com/title/tt0373051/?ref_=fn_tt_tt_1
M134,CS233,Wrath of the Titans¬†,Jonathan Liebesman,Action|Adventure|Fantasy,USA,2012,5.8,http://www.imdb.com/title/tt1646987/?ref_=fn_tt_tt_1
M4135,CS4234,Never Back Down 2: The Beatdown¬†,Michael Jai White,Action|Drama|Sport,USA,2011,5.8,http://www.imdb.com/title/tt1754264/?ref_=fn_tt_tt_1
M1318,CS1417,The Gunman¬†,Pierre Morel,Action|Crime|Drama|Mystery|Thriller,USA,2015,5.8,http://www.imdb.com/title/tt2515034/?ref_=fn_tt_tt_1
M1027,CS1126,Gamer¬†,Mark Neveldine,Action|Sci-Fi|Thriller,USA,2009,5.8,http://www.imdb.com/title/tt1034032/?ref_=fn_tt_tt_1
M981,CS1080,Into the Storm¬†,Steven Quale,Action|Thriller,USA,2014,5.8,http://www.imdb.com/title/tt2106361/?ref_=fn_tt_tt_1
M3873,CS3972,Falcon Rising¬†,Ernie Barbarash,Action|Adventure,USA,2014,5.8,http://www.imdb.com/title/tt2295722/?ref_=fn_tt_tt_1
M169,CS268,G.I. Joe: Retaliation¬†,Jon M. Chu,Action|Adventure|Sci-Fi|Thriller,USA,2013,5.8,http://www.imdb.com/title/tt1583421/?ref_=fn_tt_tt_1
M1790,CS1889,Pride and Prejudice and Zombies¬†,Burr Steers,Action|Horror|Romance,USA,2016,5.8,http://www.imdb.com/title/tt1374989/?ref_=fn_tt_tt_1
M194,CS293,Noah¬†,Darren Aronofsky,Action|Adventure|Drama,USA,2014,5.8,http://www.imdb.com/title/tt1959490/?ref_=fn_tt_tt_1
M602,CS701,Battle Los Angeles¬†,Jonathan Liebesman,Action|Sci-Fi,USA,2011,5.8,http://www.imdb.com/title/tt1217613/?ref_=fn_tt_tt_1
M214,CS313,Clash of the Titans¬†,Louis Leterrier,Action|Adventure|Fantasy,USA,2010,5.8,http://www.imdb.com/title/tt0800320/?ref_=fn_tt_tt_1
M511,CS610,Journey 2: The Mysterious Island¬†,Brad Peyton,Action|Adventure|Comedy|Family|Fantasy|Sci-Fi,USA,2012,5.8,http://www.imdb.com/title/tt1397514/?ref_=fn_tt_tt_1
M1987,CS2086,Straw Dogs¬†,Rod Lurie,Action|Drama|Thriller,USA,2011,5.8,http://www.imdb.com/title/tt0999913/?ref_=fn_tt_tt_1
M2023,CS2122,Jane Got a Gun¬†,Gavin O'Connor,Action|Drama|Western,USA,2016,5.8,http://www.imdb.com/title/tt2140037/?ref_=fn_tt_tt_1
M2651,CS2750,Clash of the Titans¬†,Louis Leterrier,Action|Adventure|Fantasy,USA,2010,5.8,http://www.imdb.com/title/tt0800320/?ref_=fn_tt_tt_1
M260,CS359,The Green Hornet¬†,Michel Gondry,Action|Comedy|Crime|Sci-Fi|Thriller,USA,2011,5.8,http://www.imdb.com/title/tt0990407/?ref_=fn_tt_tt_1
M5013,CS5112,Sabotage¬†,David Ayer,Action|Crime|Drama|Thriller,USA,2014,5.7,http://www.imdb.com/title/tt1742334/?ref_=fn_tt_tt_1
M3218,CS3317,"War, Inc.¬†",Joshua Seftel,Action|Comedy|Thriller,USA,2008,5.7,http://www.imdb.com/title/tt0884224/?ref_=fn_tt_tt_1
M038,CS137,Transformers: Age of Extinction¬†,Michael Bay,Action|Adventure|Sci-Fi,USA,2014,5.7,http://www.imdb.com/title/tt2109248/?ref_=fn_tt_tt_1
M2270,CS2369,Armored¬†,Nimr√≥d Antal,Action|Crime|Thriller,USA,2009,5.7,http://www.imdb.com/title/tt0913354/?ref_=fn_tt_tt_1
M872,CS971,The Watch¬†,Akiva Schaffer,Action|Comedy|Sci-Fi,USA,2012,5.7,http://www.imdb.com/title/tt1298649/?ref_=fn_tt_tt_1
M792,CS891,Priest¬†,Scott Stewart,Action|Fantasy|Horror|Sci-Fi|Thriller,USA,2011,5.7,http://www.imdb.com/title/tt0822847/?ref_=fn_tt_tt_1
M895,CS994,Bullet to the Head¬†,Walter Hill,Action|Thriller,USA,2012,5.7,http://www.imdb.com/title/tt1308729/?ref_=fn_tt_tt_1
M960,CS1059,Race to Witch Mountain¬†,Andy Fickman,Action|Adventure|Family|Fantasy|Sci-Fi|Thriller,USA,2009,5.7,http://www.imdb.com/title/tt1075417/?ref_=fn_tt_tt_1
M2768,CS2867,Broken Horses¬†,Vidhu Vinod Chopra,Action|Crime|Drama|Mystery|Thriller,USA,2015,5.7,http://www.imdb.com/title/tt2503954/?ref_=fn_tt_tt_1
M4010,CS4109,The Watch¬†,Akiva Schaffer,Action|Comedy|Sci-Fi,USA,2012,5.7,http://www.imdb.com/title/tt1298649/?ref_=fn_tt_tt_1
M1493,CS1592,Sabotage¬†,David Ayer,Action|Crime|Drama|Thriller,USA,2014,5.7,http://www.imdb.com/title/tt1742334/?ref_=fn_tt_tt_1
M204,CS303,R.I.P.D.¬†,Robert Schwentke,Action|Comedy|Fantasy,USA,2013,5.6,http://www.imdb.com/title/tt0790736/?ref_=fn_tt_tt_1
M373,CS472,Pixels¬†,Chris Columbus,Action|Animation|Comedy|Sci-Fi,USA,2015,5.6,http://www.imdb.com/title/tt2120120/?ref_=fn_tt_tt_1
M4593,CS4692,Hardflip¬†,Johnny Remo,Action|Drama,USA,2012,5.6,http://www.imdb.com/title/tt1907639/?ref_=fn_tt_tt_1
M2282,CS2381,12 Rounds¬†,Renny Harlin,Action|Crime|Thriller,USA,2009,5.6,http://www.imdb.com/title/tt1160368/?ref_=fn_tt_tt_1
M043,CS142,Green Lantern¬†,Martin Campbell,Action|Adventure|Sci-Fi,USA,2011,5.6,http://www.imdb.com/title/tt1133985/?ref_=fn_tt_tt_1
M569,CS668,Fool's Gold¬†,Andy Tennant,Action|Adventure|Comedy|Romance|Thriller,USA,2008,5.6,http://www.imdb.com/title/tt0770752/?ref_=fn_tt_tt_1
M1376,CS1475,Cop Out¬†,Kevin Smith,Action|Comedy|Crime,USA,2010,5.6,http://www.imdb.com/title/tt1385867/?ref_=fn_tt_tt_1
M223,CS322,Fantastic 4: Rise of the Silver Surfer¬†,Tim Story,Action|Adventure|Sci-Fi|Thriller,USA,2007,5.6,http://www.imdb.com/title/tt0486576/?ref_=fn_tt_tt_1
M2353,CS2452,Survivor¬†,James McTeigue,Action|Crime|Thriller,USA,2015,5.6,http://www.imdb.com/title/tt3247714/?ref_=fn_tt_tt_1
M1726,CS1825,Wild Card¬†,Simon West,Action|Crime|Drama|Thriller,USA,2015,5.6,http://www.imdb.com/title/tt2231253/?ref_=fn_tt_tt_1
M1033,CS1132,Drive Angry¬†,Patrick Lussier,Action|Fantasy|Thriller,USA,2011,5.5,http://www.imdb.com/title/tt1502404/?ref_=fn_tt_tt_1
M1490,CS1589,Whiteout¬†,Dominic Sena,Action|Crime|Mystery|Thriller,USA,2009,5.5,http://www.imdb.com/title/tt0365929/?ref_=fn_tt_tt_1
M1517,CS1616,Stolen¬†,Simon West,Action|Crime|Drama|Thriller,USA,2012,5.5,http://www.imdb.com/title/tt1656186/?ref_=fn_tt_tt_1
M1583,CS1682,Ghostbusters¬†,Paul Feig,Action|Comedy|Fantasy|Sci-Fi,USA,2016,5.5,http://www.imdb.com/title/tt1289401/?ref_=fn_tt_tt_1
M372,CS471,You Don't Mess with the Zohan¬†,Dennis Dugan,Action|Comedy,USA,2008,5.5,http://www.imdb.com/title/tt0960144/?ref_=fn_tt_tt_1
M342,CS441,Seventh Son¬†,Sergey Bodrov,Action|Adventure|Fantasy,USA,2014,5.5,http://www.imdb.com/title/tt1121096/?ref_=fn_tt_tt_1
M3168,CS3267,MacGruber¬†,Jorma Taccone,Action|Comedy|Romance,USA,2010,5.5,http://www.imdb.com/title/tt1470023/?ref_=fn_tt_tt_1
M164,CS263,Gods of Egypt¬†,Alex Proyas,Action|Adventure|Fantasy,USA,2016,5.5,http://www.imdb.com/title/tt2404233/?ref_=fn_tt_tt_1
M151,CS250,Ghostbusters¬†,Paul Feig,Action|Comedy|Fantasy|Sci-Fi,USA,2016,5.5,http://www.imdb.com/title/tt1289401/?ref_=fn_tt_tt_1
M4423,CS4522,Unsullied¬†,Simeon Rice,Action|Horror|Thriller,USA,2014,5.5,http://www.imdb.com/title/tt3139764/?ref_=fn_tt_tt_1
M093,CS192,Independence Day: Resurgence¬†,Roland Emmerich,Action|Adventure|Sci-Fi,USA,2016,5.5,http://www.imdb.com/title/tt1628841/?ref_=fn_tt_tt_1
M1140,CS1239,The Bounty Hunter¬†,Andy Tennant,Action|Comedy|Romance,USA,2010,5.5,http://www.imdb.com/title/tt1038919/?ref_=fn_tt_tt_1
M2698,CS2797,The Man with the Iron Fists¬†,RZA,Action,USA,2012,5.4,http://www.imdb.com/title/tt1258972/?ref_=fn_tt_tt_1
M3650,CS3749,The Hit List¬†,William Kaufman,Action|Thriller,USA,2011,5.4,http://www.imdb.com/title/tt1575694/?ref_=fn_tt_tt_1
M1131,CS1230,Bangkok Dangerous¬†,Danny Pang,Action|Crime|Thriller,USA,2008,5.4,http://www.imdb.com/title/tt0814022/?ref_=fn_tt_tt_1
M063,CS162,Jupiter Ascending¬†,Lana Wachowski,Action|Adventure|Sci-Fi,USA,2015,5.4,http://www.imdb.com/title/tt1617661/?ref_=fn_tt_tt_1
M548,CS647,Killers¬†,Robert Luketic,Action|Comedy|Romance|Thriller,USA,2010,5.4,http://www.imdb.com/title/tt1103153/?ref_=fn_tt_tt_1
M1786,CS1885,The Spy Next Door¬†,Brian Levant,Action|Comedy|Family,USA,2010,5.4,http://www.imdb.com/title/tt1273678/?ref_=fn_tt_tt_1
M144,CS243,Mars Needs Moms¬†,Simon Wells,Action|Adventure|Animation|Comedy|Family|Sci-Fi,USA,2011,5.4,http://www.imdb.com/title/tt1305591/?ref_=fn_tt_tt_1
M626,CS725,Blackhat¬†,Michael Mann,Action|Crime|Drama|Mystery|Thriller,USA,2015,5.4,http://www.imdb.com/title/tt2717822/?ref_=fn_tt_tt_1
M4021,CS4120,Wicked Blood¬†,Mark Young,Action|Crime|Drama|Thriller,USA,2014,5.4,http://www.imdb.com/title/tt2761578/?ref_=fn_tt_tt_1
M3273,CS3372,Into the Grizzly Maze¬†,David Hackl,Action|Horror|Thriller,USA,2015,5.3,http://www.imdb.com/title/tt1694021/?ref_=fn_tt_tt_1
M348,CS447,A Good Day to Die Hard¬†,John Moore,Action|Thriller,USA,2013,5.3,http://www.imdb.com/title/tt1606378/?ref_=fn_tt_tt_1
M319,CS418,Point Break¬†,Ericson Core,Action|Crime|Sport|Thriller,USA,2015,5.3,http://www.imdb.com/title/tt2058673/?ref_=fn_tt_tt_1
M1173,CS1272,One for the Money¬†,Julie Anne Robinson,Action|Comedy|Crime|Romance|Thriller,USA,2012,5.3,http://www.imdb.com/title/tt1598828/?ref_=fn_tt_tt_1
M2021,CS2120,Point Break¬†,Ericson Core,Action|Crime|Sport|Thriller,USA,2015,5.3,http://www.imdb.com/title/tt2058673/?ref_=fn_tt_tt_1
M3688,CS3787,Salvation Boulevard¬†,George Ratliff,Action|Comedy|Drama|Thriller,USA,2011,5.3,http://www.imdb.com/title/tt1251743/?ref_=fn_tt_tt_1
M225,CS324,Ghost Rider¬†,Mark Steven Johnson,Action|Fantasy|Thriller,USA,2007,5.2,http://www.imdb.com/title/tt0259324/?ref_=fn_tt_tt_1
M1368,CS1467,The 5th Wave¬†,J Blakeson,Action|Adventure|Sci-Fi|Thriller,USA,2016,5.2,http://www.imdb.com/title/tt2304933/?ref_=fn_tt_tt_1
M2471,CS2570,I Am Wrath¬†,Chuck Russell,Action|Crime|Drama|Thriller,USA,2016,5.2,http://www.imdb.com/title/tt3212232/?ref_=fn_tt_tt_1
M073,CS172,The Mummy: Tomb of the Dragon Emperor¬†,Rob Cohen,Action|Adventure|Fantasy|Horror|Thriller,USA,2008,5.2,http://www.imdb.com/title/tt0859163/?ref_=fn_tt_tt_1
M1833,CS1932,Paul Blart: Mall Cop¬†,Steve Carr,Action|Comedy|Crime,USA,2009,5.2,http://www.imdb.com/title/tt1114740/?ref_=fn_tt_tt_1
M1848,CS1947,Legion¬†,Scott Stewart,Action|Fantasy|Horror,USA,2010,5.2,http://www.imdb.com/title/tt1038686/?ref_=fn_tt_tt_1
M4346,CS4445,The Marine 4: Moving Target¬†,William Kaufman,Action|Thriller,USA,2015,5.2,http://www.imdb.com/title/tt3528666/?ref_=fn_tt_tt_1
M1477,CS1576,Hot Pursuit¬†,Anne Fletcher,Action|Comedy|Crime,USA,2015,5.1,http://www.imdb.com/title/tt2967224/?ref_=fn_tt_tt_1
M2341,CS2440,Dylan Dog: Dead of Night¬†,Kevin Munroe,Action|Comedy|Crime|Fantasy|Horror|Mystery|Sci-Fi|Thriller,USA,2010,5.1,http://www.imdb.com/title/tt1013860/?ref_=fn_tt_tt_1
M1462,CS1561,Alex Cross¬†,Rob Cohen,Action|Crime|Mystery|Thriller,USA,2012,5.1,http://www.imdb.com/title/tt1712170/?ref_=fn_tt_tt_1
M3267,CS3366,Re-Kill¬†,Valeri Milev,Action|Horror,USA,2015,5.1,http://www.imdb.com/title/tt1612319/?ref_=fn_tt_tt_1
M133,CS232,G-Force¬†,Hoyt Yeatman,Action|Adventure|Animation|Comedy|Family|Fantasy|Sci-Fi,USA,2009,5.1,http://www.imdb.com/title/tt0436339/?ref_=fn_tt_tt_1
M1470,CS1569,Abduction¬†,John Singleton,Action|Mystery|Thriller,USA,2011,5,http://www.imdb.com/title/tt1600195/?ref_=fn_tt_tt_1
M2367,CS2466,Fight Valley¬†,Rob Hawk,Action|Drama,USA,2016,5,http://www.imdb.com/title/tt4280822/?ref_=fn_tt_tt_1
M1529,CS1628,The Darkest Hour¬†,Chris Gorak,Action|Adventure|Horror|Sci-Fi|Thriller,USA,2011,4.9,http://www.imdb.com/title/tt1093357/?ref_=fn_tt_tt_1
M2321,CS2420,The Cold Light of Day¬†,Mabrouk El Mechri,Action|Thriller,USA,2012,4.9,http://www.imdb.com/title/tt1366365/?ref_=fn_tt_tt_1
M4658,CS4757,American Hero¬†,Nick Love,Action|Comedy|Drama|Sci-Fi,USA,2015,4.9,http://www.imdb.com/title/tt4733536/?ref_=fn_tt_tt_1
M198,CS297,After Earth¬†,M. Night Shyamalan,Action|Adventure|Sci-Fi,USA,2013,4.9,http://www.imdb.com/title/tt1815862/?ref_=fn_tt_tt_1
M4147,CS4246,Close Range¬†,Isaac Florentine,Action|Crime,USA,2015,4.9,http://www.imdb.com/title/tt3511596/?ref_=fn_tt_tt_1
M807,CS906,The Spirit¬†,Frank Miller,Action|Crime|Fantasy|Thriller,USA,2008,4.8,http://www.imdb.com/title/tt0831887/?ref_=fn_tt_tt_1
M1069,CS1168,Jonah Hex¬†,Jimmy Hayward,Action|Drama|Fantasy|Thriller|Western,USA,2010,4.7,http://www.imdb.com/title/tt1075747/?ref_=fn_tt_tt_1
M1251,CS1350,Aliens vs. Predator: Requiem¬†,Colin Strause,Action|Horror|Sci-Fi|Thriller,USA,2007,4.7,http://www.imdb.com/title/tt0758730/?ref_=fn_tt_tt_1
M4327,CS4426,Rockaway¬†,Jeff Crook,Action|Crime|Drama|Thriller,USA,2007,4.6,http://www.imdb.com/title/tt0796355/?ref_=fn_tt_tt_1
M3427,CS3526,Swelter¬†,Keith Parmer,Action|Crime|Drama|Thriller,USA,2014,4.6,http://www.imdb.com/title/tt2112277/?ref_=fn_tt_tt_1
M2484,CS2583,The Prince¬†,Brian A Miller,Action|Thriller,USA,2014,4.6,http://www.imdb.com/title/tt1085492/?ref_=fn_tt_tt_1
M4977,CS5076,Queen Crab¬†,Brett Piper,Action|Sci-Fi|Thriller,USA,2015,4.5,http://www.imdb.com/title/tt2319456/?ref_=fn_tt_tt_1
M1473,CS1572,Superhero Movie¬†,Craig Mazin,Action|Comedy|Sci-Fi|Thriller,USA,2008,4.5,http://www.imdb.com/title/tt0426592/?ref_=fn_tt_tt_1
M2298,CS2397,Code Name: The Cleaner¬†,Les Mayfield,Action|Comedy|Crime,USA,2007,4.5,http://www.imdb.com/title/tt0462229/?ref_=fn_tt_tt_1
M1552,CS1651,"Big Mommas: Like Father, Like Son¬†",John Whitesell,Action|Comedy|Crime,USA,2011,4.4,http://www.imdb.com/title/tt1464174/?ref_=fn_tt_tt_1
M4340,CS4439,The Legend of Hell's Gate: An American Conspiracy¬†,Tanner Beard,Action|Adventure|History|Western,USA,2011,4.4,http://www.imdb.com/title/tt1220217/?ref_=fn_tt_tt_1
M1352,CS1451,Paul Blart: Mall Cop 2¬†,Andy Fickman,Action|Comedy|Crime,USA,2015,4.4,http://www.imdb.com/title/tt3450650/?ref_=fn_tt_tt_1
M2442,CS2541,Getaway¬†,Courtney Solomon,Action|Crime|Thriller,USA,2013,4.4,http://www.imdb.com/title/tt2167202/?ref_=fn_tt_tt_1
M3141,CS3240,Skyline¬†,Colin Strause,Action|Sci-Fi|Thriller,USA,2010,4.4,http://www.imdb.com/title/tt1564585/?ref_=fn_tt_tt_1
M4783,CS4882,Diamond Ruff¬†,Alec Asten,Action,USA,2015,4.3,http://www.imdb.com/title/tt2111292/?ref_=fn_tt_tt_1
M432,CS531,Cats & Dogs: The Revenge of Kitty Galore¬†,Brad Peyton,Action|Comedy|Family|Fantasy,USA,2010,4.3,http://www.imdb.com/title/tt1287468/?ref_=fn_tt_tt_1
M390,CS489,Fantastic Four¬†,Josh Trank,Action|Adventure|Sci-Fi,USA,2015,4.3,http://www.imdb.com/title/tt1502712/?ref_=fn_tt_tt_1
M832,CS931,Ghost Rider: Spirit of Vengeance¬†,Mark Neveldine,Action|Fantasy|Thriller,USA,2011,4.3,http://www.imdb.com/title/tt1071875/?ref_=fn_tt_tt_1
M250,CS349,Fantastic Four¬†,Josh Trank,Action|Adventure|Sci-Fi,USA,2015,4.3,http://www.imdb.com/title/tt1502712/?ref_=fn_tt_tt_1
M4860,CS4959,Amidst the Devil's Wings¬†,Daniel Columbie,Action|Crime|Drama,USA,2014,4.3,http://www.imdb.com/title/tt3976258/?ref_=fn_tt_tt_1
M4855,CS4954,Death Calls¬†,Ken Del Conte,Action|Adventure|Mystery|Romance|Thriller,USA,2010,4.3,http://www.imdb.com/title/tt1328873/?ref_=fn_tt_tt_1
M630,CS729,The Legend of Hercules¬†,Renny Harlin,Action|Adventure|Fantasy,USA,2014,4.2,http://www.imdb.com/title/tt1043726/?ref_=fn_tt_tt_1
M141,CS240,The Last Airbender¬†,M. Night Shyamalan,Action|Adventure|Family|Fantasy,USA,2010,4.2,http://www.imdb.com/title/tt0938283/?ref_=fn_tt_tt_1
M3434,CS3533,Code of Honor¬†,Michael Winnick,Action,USA,2016,4.2,http://www.imdb.com/title/tt4060866/?ref_=fn_tt_tt_1
M2016,CS2115,Red Sky¬†,Mario Van Peebles,Action|Thriller,USA,2014,4.1,http://www.imdb.com/title/tt1946381/?ref_=fn_tt_tt_1
M4773,CS4872,Fight to the Finish¬†,Warren Sheppard,Action|Romance|Sport,USA,2016,4,http://www.imdb.com/title/tt3152288/?ref_=fn_tt_tt_1
M4154,CS4253,Unnatural¬†,Hank Braxtan,Action|Horror|Thriller,USA,2015,4,http://www.imdb.com/title/tt3551400/?ref_=fn_tt_tt_1
M3253,CS3352,The Devil's Tomb¬†,Jason Connery,Action|Horror|Sci-Fi,USA,2009,3.8,http://www.imdb.com/title/tt1147687/?ref_=fn_tt_tt_1
M4969,CS5068,Echo Dr.¬†,Patrick Ryan Sims,Action|Drama|Sci-Fi|Thriller,USA,2013,3.6,http://www.imdb.com/title/tt2343473/?ref_=fn_tt_tt_1
M4449,CS4548,Wind Walkers¬†,Russell Friedenberg,Action|Horror|Thriller,USA,2015,3.6,http://www.imdb.com/title/tt1236254/?ref_=fn_tt_tt_1
M1825,CS1924,Spy Kids: All the Time in the World in 4D¬†,Robert Rodriguez,Action|Adventure|Comedy|Family|Sci-Fi,USA,2011,3.6,http://www.imdb.com/title/tt1517489/?ref_=fn_tt_tt_1
M3987,CS4086,Chain of Command¬†,Kevin Carraway,Action|Thriller,USA,2015,3.5,http://www.imdb.com/title/tt4340720/?ref_=fn_tt_tt_1
M4630,CS4729,Zombie Hunter¬†,K. King,Action|Comedy|Horror,USA,2013,3.5,http://www.imdb.com/title/tt2446502/?ref_=fn_tt_tt_1
M1937,CS2036,Dance Flick¬†,Damien Dante Wayans,Action|Comedy|Music,USA,2009,3.5,http://www.imdb.com/title/tt1153706/?ref_=fn_tt_tt_1
M3819,CS3918,Navy Seals vs. Zombies¬†,Stanton Barrett,Action|Horror,USA,2015,3.4,http://www.imdb.com/title/tt4511566/?ref_=fn_tt_tt_1
M4842,CS4941,Royal Kill¬†,Babar Ahmed,Action|Thriller,USA,2009,3.2,http://www.imdb.com/title/tt0421237/?ref_=fn_tt_tt_1
M2569,CS2668,Left Behind¬†,Vic Armstrong,Action|Drama|Fantasy|Mystery|Thriller,USA,2014,3.1,http://www.imdb.com/title/tt2467046/?ref_=fn_tt_tt_1
M4446,CS4545,Checkmate¬†,Timothy Woodward Jr.,Action|Crime|Thriller,USA,2015,3.1,http://www.imdb.com/title/tt3781616/?ref_=fn_tt_tt_1
M2400,CS2499,Left Behind¬†,Vic Armstrong,Action|Drama|Fantasy|Mystery|Thriller,USA,2014,3.1,http://www.imdb.com/title/tt2467046/?ref_=fn_tt_tt_1
M4525,CS4624,The Dead Undead¬†,Matthew R. Anderson,Action|Horror|Sci-Fi,USA,2010,3,http://www.imdb.com/title/tt0923653/?ref_=fn_tt_tt_1
M1703,CS1802,Dragonball: Evolution¬†,James Wong,Action|Adventure|Fantasy|Sci-Fi|Thriller,USA,2009,2.7,http://www.imdb.com/title/tt1098327/?ref_=fn_tt_tt_1
M4769,CS4868,Subconscious¬†,Georgia Hilton,Action|Mystery|Thriller,USA,2015,2.2,http://www.imdb.com/title/tt2909932/?ref_=fn_tt_tt_1
M1137,CS1236,Foodfight!¬†,Lawrence Kasanoff,Action|Animation|Comedy|Family|Fantasy,USA,2012,1.7,http://www.imdb.com/title/tt0249516/?ref_=fn_tt_tt_1
